feature_name,psi,kl_divergence,feature_type,detection_timestamp,ks_statistic,ks_pvalue,ks_drift_detected,chi2_statistic,chi2_pvalue,chi2_drift_detected,baseline_mean,current_mean,baseline_std,current_std
company_size,0.069,0.025,categorical,2024-12-03 15:35:08.440819,0.0,1.0,False,13.1,0.076,False,0.0,0.0,0.0,0.0
industry,0.036,0.028,categorical,2024-12-03 15:35:08.440819,0.0,1.0,False,14.6,0.036,False,0.0,0.0,0.0,0.0
page_views,0.01,-0.007,numerical,2024-12-03 15:35:08.440819,0.23,0.142,False,0.0,1.0,False,11.2,18.1,5.5,9.7
time_on_site,0.051,0.033,numerical,2024-12-03 15:35:08.440819,0.18,0.235,False,0.0,1.0,False,11.1,17.3,9.0,8.1
form_completion_time,0.077,0.035,numerical,2024-12-03 15:35:08.440819,0.19,0.02,False,0.0,1.0,False,17.9,15.4,8.6,10.9
referral_source,0.081,0.026,categorical,2024-12-03 15:35:08.440819,0.0,1.0,False,9.2,0.03,False,0.0,0.0,0.0,0.0
hour_of_day,0.01,-0.027,numerical,2024-12-03 15:35:08.440819,0.21,0.248,False,0.0,1.0,False,10.2,20.0,6.2,10.4
day_of_week,0.056,0.007,numerical,2024-12-03 15:35:08.440819,0.23,0.198,False,0.0,1.0,False,11.1,18.7,7.8,10.9
engagement_score,0.079,-0.001,numerical,2024-12-03 15:35:08.440819,0.11,0.263,False,0.0,1.0,False,16.4,13.5,5.4,10.5
company_size,0.106,0.093,categorical,2024-12-10 15:35:08.440819,0.0,1.0,False,5.9,0.033,False,0.0,0.0,0.0,0.0
industry,0.049,0.024,categorical,2024-12-10 15:35:08.440819,0.0,1.0,False,5.3,0.087,False,0.0,0.0,0.0,0.0
page_views,0.12,0.031,numerical,2024-12-10 15:35:08.440819,0.09,0.421,False,0.0,1.0,False,17.3,12.3,6.3,9.6
time_on_site,0.08,0.08,numerical,2024-12-10 15:35:08.440819,0.15,0.389,False,0.0,1.0,False,16.5,13.8,5.4,9.1
form_completion_time,0.01,-0.005,numerical,2024-12-10 15:35:08.440819,0.22,0.122,False,0.0,1.0,False,11.5,16.4,9.2,10.4
referral_source,0.097,0.06,categorical,2024-12-10 15:35:08.440819,0.0,1.0,False,10.8,0.07,False,0.0,0.0,0.0,0.0
hour_of_day,0.085,0.044,numerical,2024-12-10 15:35:08.440819,0.19,0.346,False,0.0,1.0,False,15.3,14.9,6.5,9.0
day_of_week,0.117,0.063,numerical,2024-12-10 15:35:08.440819,0.13,0.488,False,0.0,1.0,False,11.4,17.0,6.2,9.6
engagement_score,0.01,0.027,numerical,2024-12-10 15:35:08.440819,0.05,0.34,False,0.0,1.0,False,16.3,15.8,5.0,8.2
company_size,0.01,-0.0,categorical,2024-12-17 15:35:08.440819,0.0,1.0,False,14.5,0.069,False,0.0,0.0,0.0,0.0
industry,0.01,-0.012,categorical,2024-12-17 15:35:08.440819,0.0,1.0,False,6.4,0.097,False,0.0,0.0,0.0,0.0
page_views,0.01,-0.006,numerical,2024-12-17 15:35:08.440819,0.08,0.021,False,0.0,1.0,False,19.4,18.5,8.1,7.3
time_on_site,0.087,0.029,numerical,2024-12-17 15:35:08.440819,0.11,0.33,False,0.0,1.0,False,18.2,17.8,5.4,8.5
form_completion_time,0.103,0.042,numerical,2024-12-17 15:35:08.440819,0.11,0.018,False,0.0,1.0,False,16.5,14.1,5.6,8.6
referral_source,0.094,0.064,categorical,2024-12-17 15:35:08.440819,0.0,1.0,False,14.2,0.09,False,0.0,0.0,0.0,0.0
hour_of_day,0.018,-0.001,numerical,2024-12-17 15:35:08.440819,0.2,0.341,False,0.0,1.0,False,11.6,16.3,9.6,7.5
day_of_week,0.055,0.053,numerical,2024-12-17 15:35:08.440819,0.14,0.466,False,0.0,1.0,False,12.8,13.3,6.4,6.9
engagement_score,0.076,0.012,numerical,2024-12-17 15:35:08.440819,0.09,0.056,False,0.0,1.0,False,18.1,18.2,7.7,8.3
company_size,0.071,0.052,categorical,2024-12-24 15:35:08.440819,0.0,1.0,False,14.7,0.085,False,0.0,0.0,0.0,0.0
industry,0.101,0.078,categorical,2024-12-24 15:35:08.440819,0.0,1.0,False,9.8,0.08,False,0.0,0.0,0.0,0.0
page_views,0.058,0.057,numerical,2024-12-24 15:35:08.440819,0.08,0.172,False,0.0,1.0,False,18.8,19.5,8.4,10.3
time_on_site,0.055,0.028,numerical,2024-12-24 15:35:08.440819,0.18,0.386,False,0.0,1.0,False,13.6,15.1,8.9,9.4
form_completion_time,0.142,0.048,numerical,2024-12-24 15:35:08.440819,0.25,0.085,False,0.0,1.0,False,10.2,12.8,5.6,10.5
referral_source,0.034,-0.001,categorical,2024-12-24 15:35:08.440819,0.0,1.0,False,12.3,0.044,False,0.0,0.0,0.0,0.0
hour_of_day,0.058,0.045,numerical,2024-12-24 15:35:08.440819,0.18,0.218,False,0.0,1.0,False,11.8,14.8,5.7,10.9
day_of_week,0.08,0.047,numerical,2024-12-24 15:35:08.440819,0.11,0.367,False,0.0,1.0,False,14.9,14.1,9.5,9.1
engagement_score,0.129,0.074,numerical,2024-12-24 15:35:08.440819,0.22,0.244,False,0.0,1.0,False,11.1,19.9,9.0,10.7
company_size,0.102,0.079,categorical,2024-12-31 15:35:08.440819,0.0,1.0,False,6.5,0.08,False,0.0,0.0,0.0,0.0
industry,0.076,0.05,categorical,2024-12-31 15:35:08.440819,0.0,1.0,False,12.9,0.052,False,0.0,0.0,0.0,0.0
page_views,0.133,0.093,numerical,2024-12-31 15:35:08.440819,0.16,0.164,False,0.0,1.0,False,19.5,19.0,5.7,7.9
time_on_site,0.01,-0.012,numerical,2024-12-31 15:35:08.440819,0.12,0.124,False,0.0,1.0,False,18.8,17.6,8.3,8.0
form_completion_time,0.063,0.038,numerical,2024-12-31 15:35:08.440819,0.14,0.241,False,0.0,1.0,False,16.9,13.9,7.4,8.0
referral_source,0.133,0.063,categorical,2024-12-31 15:35:08.440819,0.0,1.0,False,5.5,0.062,False,0.0,0.0,0.0,0.0
hour_of_day,0.01,-0.022,numerical,2024-12-31 15:35:08.440819,0.11,0.229,False,0.0,1.0,False,13.9,12.0,5.7,8.0
day_of_week,0.095,0.053,numerical,2024-12-31 15:35:08.440819,0.06,0.101,False,0.0,1.0,False,18.0,17.5,6.2,10.3
engagement_score,0.058,-0.012,numerical,2024-12-31 15:35:08.440819,0.21,0.369,False,0.0,1.0,False,10.7,17.7,7.1,8.6
company_size,0.123,0.02,categorical,2025-01-07 15:35:08.440819,0.0,1.0,False,9.6,0.082,False,0.0,0.0,0.0,0.0
industry,0.084,0.021,categorical,2025-01-07 15:35:08.440819,0.0,1.0,False,8.2,0.014,False,0.0,0.0,0.0,0.0
page_views,0.103,0.053,numerical,2025-01-07 15:35:08.440819,0.17,0.428,False,0.0,1.0,False,12.8,20.9,7.7,9.2
time_on_site,0.071,0.044,numerical,2025-01-07 15:35:08.440819,0.16,0.252,False,0.0,1.0,False,17.7,16.7,6.2,8.0
form_completion_time,0.02,0.019,numerical,2025-01-07 15:35:08.440819,0.15,0.044,False,0.0,1.0,False,14.4,19.5,9.2,9.0
referral_source,0.051,0.003,categorical,2025-01-07 15:35:08.440819,0.0,1.0,False,13.6,0.095,False,0.0,0.0,0.0,0.0
hour_of_day,0.09,0.034,numerical,2025-01-07 15:35:08.440819,0.12,0.176,False,0.0,1.0,False,13.8,17.2,8.9,10.0
day_of_week,0.126,0.093,numerical,2025-01-07 15:35:08.440819,0.1,0.4,False,0.0,1.0,False,18.5,12.2,6.3,10.5
engagement_score,0.155,0.091,numerical,2025-01-07 15:35:08.440819,0.06,0.371,False,0.0,1.0,False,13.1,13.2,7.0,9.6
company_size,0.082,0.007,categorical,2025-01-14 15:35:08.440819,0.0,1.0,False,10.9,0.083,False,0.0,0.0,0.0,0.0
industry,0.076,0.038,categorical,2025-01-14 15:35:08.440819,0.0,1.0,False,7.8,0.098,False,0.0,0.0,0.0,0.0
page_views,0.061,0.02,numerical,2025-01-14 15:35:08.440819,0.22,0.388,False,0.0,1.0,False,12.3,21.8,5.6,6.3
time_on_site,0.049,0.038,numerical,2025-01-14 15:35:08.440819,0.13,0.048,False,0.0,1.0,False,16.9,20.9,5.9,10.0
form_completion_time,0.052,0.025,numerical,2025-01-14 15:35:08.440819,0.09,0.432,False,0.0,1.0,False,16.4,14.7,7.7,9.4
referral_source,0.038,0.053,categorical,2025-01-14 15:35:08.440819,0.0,1.0,False,6.2,0.072,False,0.0,0.0,0.0,0.0
hour_of_day,0.131,0.084,numerical,2025-01-14 15:35:08.440819,0.11,0.107,False,0.0,1.0,False,13.6,12.1,6.1,10.9
day_of_week,0.14,0.036,numerical,2025-01-14 15:35:08.440819,0.24,0.089,False,0.0,1.0,False,10.7,19.0,6.9,9.8
engagement_score,0.148,0.097,numerical,2025-01-14 15:35:08.440819,0.23,0.332,False,0.0,1.0,False,15.0,18.3,5.1,7.7
company_size,0.147,0.07,categorical,2025-01-21 15:35:08.440819,0.0,1.0,False,5.1,0.086,False,0.0,0.0,0.0,0.0
industry,0.071,0.044,categorical,2025-01-21 15:35:08.440819,0.0,1.0,False,11.4,0.019,False,0.0,0.0,0.0,0.0
page_views,0.104,0.073,numerical,2025-01-21 15:35:08.440819,0.12,0.129,False,0.0,1.0,False,16.6,21.1,7.1,7.3
time_on_site,0.118,0.095,numerical,2025-01-21 15:35:08.440819,0.12,0.236,False,0.0,1.0,False,14.0,18.5,9.8,10.2
form_completion_time,0.08,0.063,numerical,2025-01-21 15:35:08.440819,0.2,0.201,False,0.0,1.0,False,18.0,12.0,9.2,8.4
referral_source,0.079,0.012,categorical,2025-01-21 15:35:08.440819,0.0,1.0,False,12.2,0.055,False,0.0,0.0,0.0,0.0
hour_of_day,0.019,0.027,numerical,2025-01-21 15:35:08.440819,0.11,0.265,False,0.0,1.0,False,11.6,13.7,9.3,8.5
day_of_week,0.024,0.038,numerical,2025-01-21 15:35:08.440819,0.11,0.199,False,0.0,1.0,False,15.8,19.1,8.9,9.4
engagement_score,0.069,0.051,numerical,2025-01-21 15:35:08.440819,0.16,0.45,False,0.0,1.0,False,19.7,14.1,5.9,9.2
company_size,0.107,0.069,categorical,2025-01-28 15:35:08.440819,0.0,1.0,False,11.9,0.031,False,0.0,0.0,0.0,0.0
industry,0.065,0.026,categorical,2025-01-28 15:35:08.440819,0.0,1.0,False,10.5,0.03,False,0.0,0.0,0.0,0.0
page_views,0.091,0.058,numerical,2025-01-28 15:35:08.440819,0.12,0.355,False,0.0,1.0,False,19.7,18.0,8.8,8.5
time_on_site,0.065,0.022,numerical,2025-01-28 15:35:08.440819,0.18,0.03,False,0.0,1.0,False,11.4,18.0,6.6,7.7
form_completion_time,0.043,0.077,numerical,2025-01-28 15:35:08.440819,0.19,0.469,False,0.0,1.0,False,11.6,16.3,8.4,8.9
referral_source,0.071,0.026,categorical,2025-01-28 15:35:08.440819,0.0,1.0,False,11.0,0.053,False,0.0,0.0,0.0,0.0
hour_of_day,0.134,0.062,numerical,2025-01-28 15:35:08.440819,0.25,0.156,False,0.0,1.0,False,13.8,13.9,6.9,7.2
day_of_week,0.01,0.006,numerical,2025-01-28 15:35:08.440819,0.12,0.423,False,0.0,1.0,False,13.2,16.1,7.5,6.8
engagement_score,0.024,0.015,numerical,2025-01-28 15:35:08.440819,0.11,0.434,False,0.0,1.0,False,13.7,17.4,7.8,7.1
company_size,0.027,0.016,categorical,2025-02-04 15:35:08.440819,0.0,1.0,False,9.3,0.057,False,0.0,0.0,0.0,0.0
industry,0.14,0.074,categorical,2025-02-04 15:35:08.440819,0.0,1.0,False,12.2,0.072,False,0.0,0.0,0.0,0.0
page_views,0.132,0.036,numerical,2025-02-04 15:35:08.440819,0.11,0.317,False,0.0,1.0,False,12.2,18.6,9.0,7.9
time_on_site,0.093,0.037,numerical,2025-02-04 15:35:08.440819,0.18,0.345,False,0.0,1.0,False,11.3,14.5,8.8,9.3
form_completion_time,0.164,0.085,numerical,2025-02-04 15:35:08.440819,0.22,0.282,False,0.0,1.0,False,19.8,20.0,6.4,8.1
referral_source,0.079,0.051,categorical,2025-02-04 15:35:08.440819,0.0,1.0,False,6.5,0.027,False,0.0,0.0,0.0,0.0
hour_of_day,0.01,-0.008,numerical,2025-02-04 15:35:08.440819,0.15,0.421,False,0.0,1.0,False,18.8,17.9,8.5,6.5
day_of_week,0.135,0.034,numerical,2025-02-04 15:35:08.440819,0.07,0.064,False,0.0,1.0,False,11.0,14.5,7.1,6.2
engagement_score,0.072,0.01,numerical,2025-02-04 15:35:08.440819,0.17,0.422,False,0.0,1.0,False,14.4,18.1,5.8,8.2
company_size,0.01,-0.022,categorical,2025-02-11 15:35:08.440819,0.0,1.0,False,9.0,0.013,False,0.0,0.0,0.0,0.0
industry,0.053,0.045,categorical,2025-02-11 15:35:08.440819,0.0,1.0,False,13.9,0.034,False,0.0,0.0,0.0,0.0
page_views,0.11,0.051,numerical,2025-02-11 15:35:08.440819,0.15,0.211,False,0.0,1.0,False,16.5,16.6,8.1,8.0
time_on_site,0.01,0.003,numerical,2025-02-11 15:35:08.440819,0.17,0.094,False,0.0,1.0,False,12.2,17.1,7.2,10.0
form_completion_time,0.01,0.016,numerical,2025-02-11 15:35:08.440819,0.25,0.479,False,0.0,1.0,False,19.9,14.5,6.1,9.1
referral_source,0.085,0.02,categorical,2025-02-11 15:35:08.440819,0.0,1.0,False,11.0,0.059,False,0.0,0.0,0.0,0.0
hour_of_day,0.073,0.054,numerical,2025-02-11 15:35:08.440819,0.13,0.48,False,0.0,1.0,False,13.0,16.8,6.8,8.4
day_of_week,0.123,0.08,numerical,2025-02-11 15:35:08.440819,0.16,0.404,False,0.0,1.0,False,15.8,20.1,8.6,10.2
engagement_score,0.037,0.031,numerical,2025-02-11 15:35:08.440819,0.22,0.268,False,0.0,1.0,False,17.1,20.2,9.9,8.6
company_size,0.088,0.06,categorical,2025-02-18 15:35:08.440819,0.0,1.0,False,6.8,0.044,False,0.0,0.0,0.0,0.0
industry,0.113,0.07,categorical,2025-02-18 15:35:08.440819,0.0,1.0,False,13.9,0.073,False,0.0,0.0,0.0,0.0
page_views,0.128,0.052,numerical,2025-02-18 15:35:08.440819,0.17,0.101,False,0.0,1.0,False,12.0,14.4,5.4,8.9
time_on_site,0.116,0.06,numerical,2025-02-18 15:35:08.440819,0.23,0.35,False,0.0,1.0,False,17.8,18.8,6.5,8.2
form_completion_time,0.115,0.058,numerical,2025-02-18 15:35:08.440819,0.2,0.153,False,0.0,1.0,False,17.3,15.5,9.1,6.0
referral_source,0.083,0.056,categorical,2025-02-18 15:35:08.440819,0.0,1.0,False,6.3,0.09,False,0.0,0.0,0.0,0.0
hour_of_day,0.094,0.07,numerical,2025-02-18 15:35:08.440819,0.18,0.082,False,0.0,1.0,False,11.3,15.1,7.1,6.0
day_of_week,0.105,0.004,numerical,2025-02-18 15:35:08.440819,0.25,0.327,False,0.0,1.0,False,11.5,12.5,9.5,6.5
engagement_score,0.063,-0.005,numerical,2025-02-18 15:35:08.440819,0.11,0.442,False,0.0,1.0,False,11.0,21.6,8.0,10.6
company_size,0.086,0.092,categorical,2025-02-25 15:35:08.440819,0.0,1.0,False,8.5,0.036,False,0.0,0.0,0.0,0.0
industry,0.086,0.024,categorical,2025-02-25 15:35:08.440819,0.0,1.0,False,7.2,0.094,False,0.0,0.0,0.0,0.0
page_views,0.06,-0.006,numerical,2025-02-25 15:35:08.440819,0.19,0.198,False,0.0,1.0,False,16.3,19.9,7.5,10.0
time_on_site,0.133,0.052,numerical,2025-02-25 15:35:08.440819,0.12,0.491,False,0.0,1.0,False,18.8,14.9,8.5,9.2
form_completion_time,0.01,-0.011,numerical,2025-02-25 15:35:08.440819,0.05,0.12,False,0.0,1.0,False,13.2,15.3,7.0,9.0
referral_source,0.074,0.047,categorical,2025-02-25 15:35:08.440819,0.0,1.0,False,9.6,0.092,False,0.0,0.0,0.0,0.0
hour_of_day,0.09,0.025,numerical,2025-02-25 15:35:08.440819,0.06,0.023,False,0.0,1.0,False,15.4,15.7,7.8,10.7
day_of_week,0.01,0.015,numerical,2025-02-25 15:35:08.440819,0.24,0.496,False,0.0,1.0,False,11.5,12.2,9.0,7.9
engagement_score,0.027,-0.009,numerical,2025-02-25 15:35:08.440819,0.24,0.203,False,0.0,1.0,False,15.5,13.2,7.3,7.2
company_size,0.063,0.041,categorical,2025-03-04 15:35:08.440819,0.0,1.0,False,14.7,0.026,False,0.0,0.0,0.0,0.0
industry,0.06,0.018,categorical,2025-03-04 15:35:08.440819,0.0,1.0,False,12.6,0.029,False,0.0,0.0,0.0,0.0
page_views,0.06,0.012,numerical,2025-03-04 15:35:08.440819,0.17,0.291,False,0.0,1.0,False,12.9,19.0,8.6,10.0
time_on_site,0.14,0.073,numerical,2025-03-04 15:35:08.440819,0.18,0.095,False,0.0,1.0,False,16.1,17.6,7.4,10.5
form_completion_time,0.117,0.077,numerical,2025-03-04 15:35:08.440819,0.2,0.095,False,0.0,1.0,False,10.0,14.6,8.7,7.7
referral_source,0.143,0.064,categorical,2025-03-04 15:35:08.440819,0.0,1.0,False,6.2,0.013,False,0.0,0.0,0.0,0.0
hour_of_day,0.173,0.09,numerical,2025-03-04 15:35:08.440819,0.09,0.104,False,0.0,1.0,False,15.0,12.4,5.5,8.7
day_of_week,0.092,0.051,numerical,2025-03-04 15:35:08.440819,0.07,0.477,False,0.0,1.0,False,17.6,20.9,6.1,10.8
engagement_score,0.073,0.047,numerical,2025-03-04 15:35:08.440819,0.14,0.233,False,0.0,1.0,False,14.9,15.2,9.1,8.3
company_size,0.135,0.087,categorical,2025-03-11 15:35:08.440819,0.0,1.0,False,8.6,0.04,False,0.0,0.0,0.0,0.0
industry,0.01,0.005,categorical,2025-03-11 15:35:08.440819,0.0,1.0,False,8.4,0.017,False,0.0,0.0,0.0,0.0
page_views,0.218,0.084,numerical,2025-03-11 15:35:08.440819,0.1,0.271,False,0.0,1.0,False,16.3,12.8,7.6,8.9
time_on_site,0.059,0.037,numerical,2025-03-11 15:35:08.440819,0.13,0.34,False,0.0,1.0,False,14.4,13.6,9.9,7.9
form_completion_time,0.055,0.024,numerical,2025-03-11 15:35:08.440819,0.08,0.028,False,0.0,1.0,False,16.8,18.1,5.7,10.2
referral_source,0.149,0.065,categorical,2025-03-11 15:35:08.440819,0.0,1.0,False,5.4,0.077,False,0.0,0.0,0.0,0.0
hour_of_day,0.01,-0.037,numerical,2025-03-11 15:35:08.440819,0.13,0.407,False,0.0,1.0,False,16.5,17.2,9.1,7.5
day_of_week,0.064,0.056,numerical,2025-03-11 15:35:08.440819,0.2,0.353,False,0.0,1.0,False,12.9,20.7,7.9,8.0
engagement_score,0.117,0.076,numerical,2025-03-11 15:35:08.440819,0.24,0.335,False,0.0,1.0,False,16.1,12.3,6.8,7.4
company_size,0.079,0.046,categorical,2025-03-18 15:35:08.440819,0.0,1.0,False,5.1,0.034,False,0.0,0.0,0.0,0.0
industry,0.185,0.107,categorical,2025-03-18 15:35:08.440819,0.0,1.0,False,9.3,0.061,False,0.0,0.0,0.0,0.0
page_views,0.118,0.068,numerical,2025-03-18 15:35:08.440819,0.23,0.326,False,0.0,1.0,False,12.8,21.4,9.7,7.0
time_on_site,0.06,0.019,numerical,2025-03-18 15:35:08.440819,0.13,0.119,False,0.0,1.0,False,14.2,19.1,8.9,8.3
form_completion_time,0.139,0.081,numerical,2025-03-18 15:35:08.440819,0.16,0.044,False,0.0,1.0,False,16.8,21.4,7.3,8.0
referral_source,0.124,0.066,categorical,2025-03-18 15:35:08.440819,0.0,1.0,False,14.3,0.088,False,0.0,0.0,0.0,0.0
hour_of_day,0.121,0.066,numerical,2025-03-18 15:35:08.440819,0.22,0.256,False,0.0,1.0,False,14.0,21.3,5.5,8.9
day_of_week,0.185,0.11,numerical,2025-03-18 15:35:08.440819,0.06,0.224,False,0.0,1.0,False,18.6,17.8,6.3,7.2
engagement_score,0.122,0.049,numerical,2025-03-18 15:35:08.440819,0.16,0.332,False,0.0,1.0,False,12.8,16.9,9.2,8.5
company_size,0.113,0.062,categorical,2025-03-25 15:35:08.440819,0.0,1.0,False,12.2,0.015,False,0.0,0.0,0.0,0.0
industry,0.03,0.02,categorical,2025-03-25 15:35:08.440819,0.0,1.0,False,13.8,0.025,False,0.0,0.0,0.0,0.0
page_views,0.064,0.029,numerical,2025-03-25 15:35:08.440819,0.13,0.227,False,0.0,1.0,False,14.3,12.6,6.5,9.8
time_on_site,0.213,0.095,numerical,2025-03-25 15:35:08.440819,0.21,0.214,False,0.0,1.0,False,17.0,16.8,7.6,8.4
form_completion_time,0.139,0.072,numerical,2025-03-25 15:35:08.440819,0.17,0.175,False,0.0,1.0,False,16.3,15.7,7.6,8.4
referral_source,0.228,0.128,categorical,2025-03-25 15:35:08.440819,0.0,1.0,False,11.9,0.011,False,0.0,0.0,0.0,0.0
hour_of_day,0.053,0.047,numerical,2025-03-25 15:35:08.440819,0.17,0.149,False,0.0,1.0,False,17.1,22.0,6.8,9.7
day_of_week,0.138,0.041,numerical,2025-03-25 15:35:08.440819,0.13,0.037,False,0.0,1.0,False,10.1,21.2,6.8,7.5
engagement_score,0.061,0.059,numerical,2025-03-25 15:35:08.440819,0.12,0.381,False,0.0,1.0,False,13.0,12.7,5.4,8.1
company_size,0.08,0.045,categorical,2025-04-01 15:35:08.440819,0.0,1.0,False,6.8,0.046,False,0.0,0.0,0.0,0.0
industry,0.099,0.041,categorical,2025-04-01 15:35:08.440819,0.0,1.0,False,13.3,0.072,False,0.0,0.0,0.0,0.0
page_views,0.153,0.057,numerical,2025-04-01 15:35:08.440819,0.22,0.097,False,0.0,1.0,False,13.0,21.2,7.2,9.0
time_on_site,0.149,0.085,numerical,2025-04-01 15:35:08.440819,0.2,0.118,False,0.0,1.0,False,11.0,17.4,8.7,10.1
form_completion_time,0.213,0.092,numerical,2025-04-01 15:35:08.440819,0.25,0.418,False,0.0,1.0,False,16.3,16.7,7.0,7.4
referral_source,0.137,0.049,categorical,2025-04-01 15:35:08.440819,0.0,1.0,False,5.8,0.013,False,0.0,0.0,0.0,0.0
hour_of_day,0.152,0.05,numerical,2025-04-01 15:35:08.440819,0.2,0.133,False,0.0,1.0,False,17.2,16.0,5.7,8.4
day_of_week,0.096,0.004,numerical,2025-04-01 15:35:08.440819,0.19,0.049,False,0.0,1.0,False,10.7,14.1,5.8,9.1
engagement_score,0.087,0.026,numerical,2025-04-01 15:35:08.440819,0.25,0.461,False,0.0,1.0,False,15.7,21.4,7.2,8.3
company_size,0.042,0.012,categorical,2025-04-08 15:35:08.440819,0.0,1.0,False,8.1,0.023,False,0.0,0.0,0.0,0.0
industry,0.06,0.042,categorical,2025-04-08 15:35:08.440819,0.0,1.0,False,6.6,0.087,False,0.0,0.0,0.0,0.0
page_views,0.04,-0.003,numerical,2025-04-08 15:35:08.440819,0.19,0.083,False,0.0,1.0,False,10.1,16.3,8.2,7.2
time_on_site,0.104,0.051,numerical,2025-04-08 15:35:08.440819,0.16,0.233,False,0.0,1.0,False,14.5,18.1,9.9,11.0
form_completion_time,0.048,-0.019,numerical,2025-04-08 15:35:08.440819,0.19,0.499,False,0.0,1.0,False,18.3,14.5,6.0,6.4
referral_source,0.142,0.073,categorical,2025-04-08 15:35:08.440819,0.0,1.0,False,6.5,0.037,False,0.0,0.0,0.0,0.0
hour_of_day,0.133,0.071,numerical,2025-04-08 15:35:08.440819,0.22,0.11,False,0.0,1.0,False,14.5,19.5,5.8,10.2
day_of_week,0.181,0.056,numerical,2025-04-08 15:35:08.440819,0.12,0.036,False,0.0,1.0,False,10.2,21.0,9.7,10.7
engagement_score,0.181,0.076,numerical,2025-04-08 15:35:08.440819,0.13,0.3,False,0.0,1.0,False,15.6,15.6,7.8,8.5
company_size,0.126,0.084,categorical,2025-04-15 15:35:08.440819,0.0,1.0,False,13.4,0.013,False,0.0,0.0,0.0,0.0
industry,0.024,-0.04,categorical,2025-04-15 15:35:08.440819,0.0,1.0,False,7.8,0.065,False,0.0,0.0,0.0,0.0
page_views,0.233,0.098,numerical,2025-04-15 15:35:08.440819,0.07,0.478,False,0.0,1.0,False,10.9,21.4,6.4,9.6
time_on_site,0.165,0.068,numerical,2025-04-15 15:35:08.440819,0.25,0.11,False,0.0,1.0,False,16.7,19.6,5.5,8.8
form_completion_time,0.117,0.067,numerical,2025-04-15 15:35:08.440819,0.09,0.05,False,0.0,1.0,False,12.4,15.5,8.1,7.7
referral_source,0.062,-0.004,categorical,2025-04-15 15:35:08.440819,0.0,1.0,False,12.2,0.035,False,0.0,0.0,0.0,0.0
hour_of_day,0.105,0.069,numerical,2025-04-15 15:35:08.440819,0.06,0.082,False,0.0,1.0,False,18.0,16.4,5.3,8.1
day_of_week,0.138,0.094,numerical,2025-04-15 15:35:08.440819,0.05,0.25,False,0.0,1.0,False,12.3,17.3,9.0,6.7
engagement_score,0.112,0.074,numerical,2025-04-15 15:35:08.440819,0.19,0.389,False,0.0,1.0,False,10.9,14.1,7.7,6.7
company_size,0.113,0.087,categorical,2025-04-22 15:35:08.440819,0.0,1.0,False,7.9,0.017,False,0.0,0.0,0.0,0.0
industry,0.131,0.04,categorical,2025-04-22 15:35:08.440819,0.0,1.0,False,14.2,0.098,False,0.0,0.0,0.0,0.0
page_views,0.146,0.039,numerical,2025-04-22 15:35:08.440819,0.25,0.126,False,0.0,1.0,False,12.4,12.8,9.2,9.8
time_on_site,0.149,0.063,numerical,2025-04-22 15:35:08.440819,0.21,0.47,False,0.0,1.0,False,12.0,20.8,8.2,7.8
form_completion_time,0.096,0.05,numerical,2025-04-22 15:35:08.440819,0.18,0.28,False,0.0,1.0,False,18.0,13.8,9.3,6.1
referral_source,0.071,0.035,categorical,2025-04-22 15:35:08.440819,0.0,1.0,False,5.1,0.032,False,0.0,0.0,0.0,0.0
hour_of_day,0.079,0.054,numerical,2025-04-22 15:35:08.440819,0.05,0.467,False,0.0,1.0,False,16.8,12.1,7.9,10.7
day_of_week,0.14,0.058,numerical,2025-04-22 15:35:08.440819,0.13,0.068,False,0.0,1.0,False,13.1,13.0,5.2,8.5
engagement_score,0.151,0.1,numerical,2025-04-22 15:35:08.440819,0.18,0.057,False,0.0,1.0,False,14.8,13.3,8.5,9.0
company_size,0.118,0.068,categorical,2025-04-29 15:35:08.440819,0.0,1.0,False,11.2,0.096,False,0.0,0.0,0.0,0.0
industry,0.073,0.079,categorical,2025-04-29 15:35:08.440819,0.0,1.0,False,6.3,0.018,False,0.0,0.0,0.0,0.0
page_views,0.08,0.076,numerical,2025-04-29 15:35:08.440819,0.17,0.46,False,0.0,1.0,False,11.3,17.9,9.4,6.7
time_on_site,0.071,0.04,numerical,2025-04-29 15:35:08.440819,0.23,0.314,False,0.0,1.0,False,19.0,19.8,5.8,10.8
form_completion_time,0.087,0.029,numerical,2025-04-29 15:35:08.440819,0.07,0.042,False,0.0,1.0,False,17.0,19.3,5.6,6.1
referral_source,0.116,0.107,categorical,2025-04-29 15:35:08.440819,0.0,1.0,False,5.4,0.029,False,0.0,0.0,0.0,0.0
hour_of_day,0.138,0.074,numerical,2025-04-29 15:35:08.440819,0.18,0.349,False,0.0,1.0,False,14.2,18.9,5.0,6.7
day_of_week,0.093,0.062,numerical,2025-04-29 15:35:08.440819,0.21,0.487,False,0.0,1.0,False,19.5,14.3,8.6,10.9
engagement_score,0.133,0.048,numerical,2025-04-29 15:35:08.440819,0.15,0.083,False,0.0,1.0,False,10.9,18.4,9.0,9.5
company_size,0.029,0.028,categorical,2025-05-06 15:35:08.440819,0.0,1.0,False,6.6,0.046,False,0.0,0.0,0.0,0.0
industry,0.122,0.058,categorical,2025-05-06 15:35:08.440819,0.0,1.0,False,12.2,0.063,False,0.0,0.0,0.0,0.0
page_views,0.202,0.094,numerical,2025-05-06 15:35:08.440819,0.17,0.237,False,0.0,1.0,False,17.6,17.3,5.0,8.0
time_on_site,0.101,0.081,numerical,2025-05-06 15:35:08.440819,0.15,0.319,False,0.0,1.0,False,13.1,13.3,5.1,10.9
form_completion_time,0.135,0.065,numerical,2025-05-06 15:35:08.440819,0.24,0.116,False,0.0,1.0,False,16.8,20.3,8.1,9.0
referral_source,0.164,0.076,categorical,2025-05-06 15:35:08.440819,0.0,1.0,False,7.4,0.1,False,0.0,0.0,0.0,0.0
hour_of_day,0.148,0.072,numerical,2025-05-06 15:35:08.440819,0.19,0.257,False,0.0,1.0,False,18.5,12.7,8.8,10.8
day_of_week,0.196,0.105,numerical,2025-05-06 15:35:08.440819,0.08,0.224,False,0.0,1.0,False,10.4,17.6,7.0,9.9
engagement_score,0.193,0.067,numerical,2025-05-06 15:35:08.440819,0.11,0.11,False,0.0,1.0,False,17.8,20.3,6.0,10.3
company_size,0.135,0.052,categorical,2025-05-13 15:35:08.440819,0.0,1.0,False,11.6,0.061,False,0.0,0.0,0.0,0.0
industry,0.18,0.161,categorical,2025-05-13 15:35:08.440819,0.0,1.0,False,9.2,0.047,False,0.0,0.0,0.0,0.0
page_views,0.169,0.062,numerical,2025-05-13 15:35:08.440819,0.12,0.184,False,0.0,1.0,False,11.1,15.3,6.2,6.2
time_on_site,0.107,0.071,numerical,2025-05-13 15:35:08.440819,0.07,0.021,False,0.0,1.0,False,19.2,19.6,9.5,10.6
form_completion_time,0.162,0.079,numerical,2025-05-13 15:35:08.440819,0.16,0.405,False,0.0,1.0,False,19.0,21.0,7.1,10.8
referral_source,0.078,0.045,categorical,2025-05-13 15:35:08.440819,0.0,1.0,False,6.8,0.084,False,0.0,0.0,0.0,0.0
hour_of_day,0.128,0.089,numerical,2025-05-13 15:35:08.440819,0.09,0.407,False,0.0,1.0,False,14.2,16.0,5.4,8.9
day_of_week,0.167,0.08,numerical,2025-05-13 15:35:08.440819,0.17,0.399,False,0.0,1.0,False,18.5,20.7,9.6,8.6
engagement_score,0.08,0.074,numerical,2025-05-13 15:35:08.440819,0.21,0.113,False,0.0,1.0,False,16.1,17.4,5.9,8.3
company_size,0.291,0.113,categorical,2025-05-20 15:35:08.440819,0.0,1.0,False,11.4,0.057,True,0.0,0.0,0.0,0.0
industry,0.171,0.082,categorical,2025-05-20 15:35:08.440819,0.0,1.0,False,10.8,0.021,False,0.0,0.0,0.0,0.0
page_views,0.132,0.089,numerical,2025-05-20 15:35:08.440819,0.19,0.052,False,0.0,1.0,False,14.2,21.4,8.1,7.8
time_on_site,0.107,0.055,numerical,2025-05-20 15:35:08.440819,0.07,0.369,False,0.0,1.0,False,16.3,12.0,6.7,8.3
form_completion_time,0.07,0.053,numerical,2025-05-20 15:35:08.440819,0.18,0.474,False,0.0,1.0,False,12.4,12.8,5.1,7.7
referral_source,0.117,0.082,categorical,2025-05-20 15:35:08.440819,0.0,1.0,False,9.4,0.045,False,0.0,0.0,0.0,0.0
hour_of_day,0.118,0.049,numerical,2025-05-20 15:35:08.440819,0.1,0.424,False,0.0,1.0,False,11.4,13.9,9.5,9.9
day_of_week,0.106,0.037,numerical,2025-05-20 15:35:08.440819,0.11,0.103,False,0.0,1.0,False,10.1,18.9,5.9,8.3
engagement_score,0.171,0.084,numerical,2025-05-20 15:35:08.440819,0.2,0.482,False,0.0,1.0,False,13.8,13.8,5.3,7.5
company_size,0.1,0.026,categorical,2025-05-27 15:35:08.440819,0.0,1.0,False,14.6,0.073,False,0.0,0.0,0.0,0.0
industry,0.15,0.099,categorical,2025-05-27 15:35:08.440819,0.0,1.0,False,8.4,0.075,False,0.0,0.0,0.0,0.0
page_views,0.129,0.079,numerical,2025-05-27 15:35:08.440819,0.16,0.278,False,0.0,1.0,False,17.0,19.3,5.7,10.5
time_on_site,0.234,0.122,numerical,2025-05-27 15:35:08.440819,0.21,0.124,False,0.0,1.0,False,14.4,20.6,8.5,10.0
form_completion_time,0.202,0.118,numerical,2025-05-27 15:35:08.440819,0.08,0.481,False,0.0,1.0,False,13.0,12.3,8.0,6.9
referral_source,0.098,0.072,categorical,2025-05-27 15:35:08.440819,0.0,1.0,False,5.5,0.051,False,0.0,0.0,0.0,0.0
hour_of_day,0.062,0.014,numerical,2025-05-27 15:35:08.440819,0.06,0.273,False,0.0,1.0,False,17.8,18.9,5.3,9.0
day_of_week,0.144,0.066,numerical,2025-05-27 15:35:08.440819,0.21,0.089,False,0.0,1.0,False,15.1,18.3,6.0,9.1
engagement_score,0.137,0.071,numerical,2025-05-27 15:35:08.440819,0.06,0.416,False,0.0,1.0,False,16.0,13.2,7.9,7.3
company_size,0.1,0.056,categorical,2025-06-03 15:35:08.440819,0.0,1.0,False,12.1,0.08,False,0.0,0.0,0.0,0.0
industry,0.217,0.072,categorical,2025-06-03 15:35:08.440819,0.0,1.0,False,5.1,0.027,False,0.0,0.0,0.0,0.0
page_views,0.205,0.097,numerical,2025-06-03 15:35:08.440819,0.06,0.4,False,0.0,1.0,False,10.1,18.5,9.4,6.3
time_on_site,0.128,0.091,numerical,2025-06-03 15:35:08.440819,0.1,0.402,False,0.0,1.0,False,18.4,20.1,8.6,8.5
form_completion_time,0.091,0.047,numerical,2025-06-03 15:35:08.440819,0.17,0.195,False,0.0,1.0,False,19.4,15.9,7.2,6.2
referral_source,0.149,0.091,categorical,2025-06-03 15:35:08.440819,0.0,1.0,False,7.1,0.1,False,0.0,0.0,0.0,0.0
hour_of_day,0.135,0.058,numerical,2025-06-03 15:35:08.440819,0.06,0.403,False,0.0,1.0,False,18.2,12.8,8.0,7.8
day_of_week,0.25,0.126,numerical,2025-06-03 15:35:08.440819,0.14,0.247,True,0.0,1.0,False,15.6,13.4,8.5,10.1
engagement_score,0.124,0.079,numerical,2025-06-03 15:35:08.440819,0.23,0.415,False,0.0,1.0,False,19.6,19.2,7.1,7.9
company_size,0.18,0.102,categorical,2025-06-10 15:35:08.440819,0.0,1.0,False,10.0,0.065,False,0.0,0.0,0.0,0.0
industry,0.219,0.08,categorical,2025-06-10 15:35:08.440819,0.0,1.0,False,14.4,0.1,False,0.0,0.0,0.0,0.0
page_views,0.156,0.073,numerical,2025-06-10 15:35:08.440819,0.16,0.317,False,0.0,1.0,False,19.4,14.7,6.3,8.2
time_on_site,0.124,0.09,numerical,2025-06-10 15:35:08.440819,0.24,0.348,False,0.0,1.0,False,17.1,17.7,5.1,6.7
form_completion_time,0.19,0.087,numerical,2025-06-10 15:35:08.440819,0.06,0.476,False,0.0,1.0,False,11.7,18.7,6.4,9.2
referral_source,0.125,0.065,categorical,2025-06-10 15:35:08.440819,0.0,1.0,False,5.6,0.08,False,0.0,0.0,0.0,0.0
hour_of_day,0.088,0.093,numerical,2025-06-10 15:35:08.440819,0.15,0.409,False,0.0,1.0,False,11.6,13.1,8.4,9.7
day_of_week,0.084,0.028,numerical,2025-06-10 15:35:08.440819,0.25,0.229,False,0.0,1.0,False,11.2,14.9,7.4,9.9
engagement_score,0.096,0.055,numerical,2025-06-10 15:35:08.440819,0.23,0.043,False,0.0,1.0,False,18.9,17.4,9.4,9.8
company_size,0.092,0.076,categorical,2025-06-17 15:35:08.440819,0.0,1.0,False,11.8,0.054,False,0.0,0.0,0.0,0.0
industry,0.136,0.059,categorical,2025-06-17 15:35:08.440819,0.0,1.0,False,7.2,0.054,False,0.0,0.0,0.0,0.0
page_views,0.225,0.095,numerical,2025-06-17 15:35:08.440819,0.1,0.119,False,0.0,1.0,False,16.4,12.6,7.3,8.0
time_on_site,0.139,0.045,numerical,2025-06-17 15:35:08.440819,0.13,0.181,False,0.0,1.0,False,10.9,12.6,7.0,10.5
form_completion_time,0.24,0.102,numerical,2025-06-17 15:35:08.440819,0.1,0.475,False,0.0,1.0,False,10.0,16.4,7.1,10.4
referral_source,0.173,0.071,categorical,2025-06-17 15:35:08.440819,0.0,1.0,False,11.7,0.059,False,0.0,0.0,0.0,0.0
hour_of_day,0.234,0.14,numerical,2025-06-17 15:35:08.440819,0.06,0.181,False,0.0,1.0,False,11.7,14.8,5.3,6.5
day_of_week,0.276,0.133,numerical,2025-06-17 15:35:08.440819,0.08,0.131,True,0.0,1.0,False,15.3,13.4,6.2,7.4
engagement_score,0.243,0.086,numerical,2025-06-17 15:35:08.440819,0.13,0.272,False,0.0,1.0,False,15.6,13.2,5.5,6.9
company_size,0.134,0.091,categorical,2025-06-24 15:35:08.440819,0.0,1.0,False,9.6,0.018,False,0.0,0.0,0.0,0.0
industry,0.176,0.094,categorical,2025-06-24 15:35:08.440819,0.0,1.0,False,11.6,0.071,False,0.0,0.0,0.0,0.0
page_views,0.109,0.066,numerical,2025-06-24 15:35:08.440819,0.22,0.186,False,0.0,1.0,False,10.5,20.9,9.0,6.1
time_on_site,0.17,0.054,numerical,2025-06-24 15:35:08.440819,0.21,0.068,False,0.0,1.0,False,11.9,17.6,8.2,7.0
form_completion_time,0.23,0.111,numerical,2025-06-24 15:35:08.440819,0.08,0.223,False,0.0,1.0,False,18.0,12.4,8.5,10.3
referral_source,0.191,0.094,categorical,2025-06-24 15:35:08.440819,0.0,1.0,False,9.3,0.086,False,0.0,0.0,0.0,0.0
hour_of_day,0.147,0.061,numerical,2025-06-24 15:35:08.440819,0.17,0.489,False,0.0,1.0,False,11.6,14.5,7.7,7.6
day_of_week,0.122,0.031,numerical,2025-06-24 15:35:08.440819,0.2,0.063,False,0.0,1.0,False,17.7,18.6,5.1,10.0
engagement_score,0.13,0.057,numerical,2025-06-24 15:35:08.440819,0.22,0.207,False,0.0,1.0,False,13.4,15.4,5.7,8.2
company_size,0.195,0.056,categorical,2025-07-01 15:35:08.440819,0.0,1.0,False,13.0,0.064,False,0.0,0.0,0.0,0.0
industry,0.196,0.058,categorical,2025-07-01 15:35:08.440819,0.0,1.0,False,11.3,0.072,False,0.0,0.0,0.0,0.0
page_views,0.205,0.15,numerical,2025-07-01 15:35:08.440819,0.07,0.423,False,0.0,1.0,False,13.6,18.0,8.2,10.7
time_on_site,0.115,0.075,numerical,2025-07-01 15:35:08.440819,0.08,0.45,False,0.0,1.0,False,10.0,19.6,7.4,7.8
form_completion_time,0.104,0.051,numerical,2025-07-01 15:35:08.440819,0.19,0.284,False,0.0,1.0,False,13.6,17.3,9.7,10.4
referral_source,0.232,0.112,categorical,2025-07-01 15:35:08.440819,0.0,1.0,False,14.7,0.077,False,0.0,0.0,0.0,0.0
hour_of_day,0.177,0.089,numerical,2025-07-01 15:35:08.440819,0.18,0.167,False,0.0,1.0,False,15.1,14.6,5.6,7.3
day_of_week,0.123,0.094,numerical,2025-07-01 15:35:08.440819,0.1,0.267,False,0.0,1.0,False,19.3,19.6,9.1,8.2
engagement_score,0.221,0.121,numerical,2025-07-01 15:35:08.440819,0.12,0.251,False,0.0,1.0,False,17.2,20.0,5.2,10.4
company_size,0.193,0.05,categorical,2025-07-08 15:35:08.440819,0.0,1.0,False,14.6,0.096,False,0.0,0.0,0.0,0.0
industry,0.197,0.111,categorical,2025-07-08 15:35:08.440819,0.0,1.0,False,6.9,0.03,False,0.0,0.0,0.0,0.0
page_views,0.118,0.065,numerical,2025-07-08 15:35:08.440819,0.13,0.172,False,0.0,1.0,False,10.2,14.3,8.5,9.4
time_on_site,0.192,0.103,numerical,2025-07-08 15:35:08.440819,0.17,0.115,False,0.0,1.0,False,16.5,12.9,6.4,6.6
form_completion_time,0.241,0.109,numerical,2025-07-08 15:35:08.440819,0.14,0.367,False,0.0,1.0,False,17.5,16.9,9.1,9.9
referral_source,0.121,0.031,categorical,2025-07-08 15:35:08.440819,0.0,1.0,False,10.1,0.042,False,0.0,0.0,0.0,0.0
hour_of_day,0.153,0.066,numerical,2025-07-08 15:35:08.440819,0.14,0.322,False,0.0,1.0,False,14.1,13.4,6.9,6.1
day_of_week,0.193,0.12,numerical,2025-07-08 15:35:08.440819,0.12,0.139,False,0.0,1.0,False,10.3,16.8,5.8,9.9
engagement_score,0.031,0.051,numerical,2025-07-08 15:35:08.440819,0.21,0.098,False,0.0,1.0,False,19.9,21.2,5.4,9.8
company_size,0.149,0.04,categorical,2025-07-15 15:35:08.440819,0.0,1.0,False,14.6,0.028,False,0.0,0.0,0.0,0.0
industry,0.222,0.116,categorical,2025-07-15 15:35:08.440819,0.0,1.0,False,9.9,0.067,False,0.0,0.0,0.0,0.0
page_views,0.112,0.086,numerical,2025-07-15 15:35:08.440819,0.2,0.469,False,0.0,1.0,False,11.2,13.3,6.3,9.9
time_on_site,0.199,0.082,numerical,2025-07-15 15:35:08.440819,0.12,0.389,False,0.0,1.0,False,12.5,13.5,6.7,9.6
form_completion_time,0.214,0.102,numerical,2025-07-15 15:35:08.440819,0.13,0.211,False,0.0,1.0,False,15.2,12.1,6.1,7.6
referral_source,0.16,0.054,categorical,2025-07-15 15:35:08.440819,0.0,1.0,False,5.4,0.073,False,0.0,0.0,0.0,0.0
hour_of_day,0.156,0.09,numerical,2025-07-15 15:35:08.440819,0.08,0.407,False,0.0,1.0,False,14.3,17.3,6.5,10.3
day_of_week,0.156,0.074,numerical,2025-07-15 15:35:08.440819,0.19,0.068,False,0.0,1.0,False,19.1,15.6,8.6,10.7
engagement_score,0.184,0.111,numerical,2025-07-15 15:35:08.440819,0.23,0.125,False,0.0,1.0,False,18.2,16.0,5.1,6.4
company_size,0.131,0.078,categorical,2025-07-22 15:35:08.440819,0.0,1.0,False,13.0,0.01,False,0.0,0.0,0.0,0.0
industry,0.136,0.048,categorical,2025-07-22 15:35:08.440819,0.0,1.0,False,11.3,0.051,False,0.0,0.0,0.0,0.0
page_views,0.134,0.071,numerical,2025-07-22 15:35:08.440819,0.11,0.107,False,0.0,1.0,False,15.0,20.7,5.0,9.0
time_on_site,0.211,0.118,numerical,2025-07-22 15:35:08.440819,0.09,0.354,False,0.0,1.0,False,12.6,19.4,9.2,9.6
form_completion_time,0.173,0.078,numerical,2025-07-22 15:35:08.440819,0.22,0.495,False,0.0,1.0,False,15.9,21.1,9.8,6.1
referral_source,0.107,0.056,categorical,2025-07-22 15:35:08.440819,0.0,1.0,False,10.3,0.012,False,0.0,0.0,0.0,0.0
hour_of_day,0.12,0.084,numerical,2025-07-22 15:35:08.440819,0.12,0.207,False,0.0,1.0,False,10.6,15.5,5.1,6.3
day_of_week,0.179,0.089,numerical,2025-07-22 15:35:08.440819,0.11,0.057,False,0.0,1.0,False,18.1,20.8,5.2,9.9
engagement_score,0.176,0.088,numerical,2025-07-22 15:35:08.440819,0.22,0.193,False,0.0,1.0,False,13.4,16.0,8.7,6.4
company_size,0.163,0.078,categorical,2025-07-29 15:35:08.440819,0.0,1.0,False,15.0,0.076,False,0.0,0.0,0.0,0.0
industry,0.196,0.091,categorical,2025-07-29 15:35:08.440819,0.0,1.0,False,13.4,0.045,False,0.0,0.0,0.0,0.0
page_views,0.327,0.152,numerical,2025-07-29 15:35:08.440819,0.07,0.052,True,0.0,1.0,False,15.3,15.5,6.1,8.5
time_on_site,0.187,0.098,numerical,2025-07-29 15:35:08.440819,0.07,0.494,False,0.0,1.0,False,15.0,12.5,6.8,6.4
form_completion_time,0.143,0.076,numerical,2025-07-29 15:35:08.440819,0.2,0.154,False,0.0,1.0,False,13.6,18.1,9.4,7.1
referral_source,0.1,0.036,categorical,2025-07-29 15:35:08.440819,0.0,1.0,False,7.7,0.035,False,0.0,0.0,0.0,0.0
hour_of_day,0.148,0.042,numerical,2025-07-29 15:35:08.440819,0.13,0.273,False,0.0,1.0,False,11.2,21.7,8.1,6.4
day_of_week,0.101,0.033,numerical,2025-07-29 15:35:08.440819,0.07,0.471,False,0.0,1.0,False,12.3,16.4,6.6,10.3
engagement_score,0.367,0.184,numerical,2025-07-29 15:35:08.440819,0.22,0.272,True,0.0,1.0,False,15.0,20.8,7.7,8.4
company_size,0.112,0.082,categorical,2025-08-05 15:35:08.440819,0.0,1.0,False,9.5,0.062,False,0.0,0.0,0.0,0.0
industry,0.147,0.068,categorical,2025-08-05 15:35:08.440819,0.0,1.0,False,11.7,0.042,False,0.0,0.0,0.0,0.0
page_views,0.12,0.045,numerical,2025-08-05 15:35:08.440819,0.12,0.383,False,0.0,1.0,False,16.8,19.0,8.7,6.4
time_on_site,0.238,0.116,numerical,2025-08-05 15:35:08.440819,0.18,0.481,False,0.0,1.0,False,19.4,13.4,8.8,6.4
form_completion_time,0.234,0.156,numerical,2025-08-05 15:35:08.440819,0.05,0.305,False,0.0,1.0,False,16.2,19.7,8.9,9.4
referral_source,0.134,0.067,categorical,2025-08-05 15:35:08.440819,0.0,1.0,False,7.7,0.034,False,0.0,0.0,0.0,0.0
hour_of_day,0.117,0.066,numerical,2025-08-05 15:35:08.440819,0.13,0.108,False,0.0,1.0,False,12.6,12.8,5.3,11.0
day_of_week,0.178,0.109,numerical,2025-08-05 15:35:08.440819,0.06,0.27,False,0.0,1.0,False,14.9,14.4,5.3,8.7
engagement_score,0.147,0.057,numerical,2025-08-05 15:35:08.440819,0.08,0.258,False,0.0,1.0,False,11.0,15.7,7.0,9.8
company_size,0.24,0.133,categorical,2025-08-12 15:35:08.440819,0.0,1.0,False,14.8,0.025,False,0.0,0.0,0.0,0.0
industry,0.137,0.063,categorical,2025-08-12 15:35:08.440819,0.0,1.0,False,15.0,0.081,False,0.0,0.0,0.0,0.0
page_views,0.174,0.075,numerical,2025-08-12 15:35:08.440819,0.21,0.104,False,0.0,1.0,False,18.3,17.3,6.0,7.0
time_on_site,0.279,0.174,numerical,2025-08-12 15:35:08.440819,0.13,0.276,True,0.0,1.0,False,15.5,12.6,8.5,10.7
form_completion_time,0.091,0.021,numerical,2025-08-12 15:35:08.440819,0.11,0.495,False,0.0,1.0,False,14.5,19.4,9.7,10.7
referral_source,0.214,0.102,categorical,2025-08-12 15:35:08.440819,0.0,1.0,False,6.7,0.03,False,0.0,0.0,0.0,0.0
hour_of_day,0.174,0.067,numerical,2025-08-12 15:35:08.440819,0.2,0.409,False,0.0,1.0,False,13.9,14.9,5.6,7.2
day_of_week,0.198,0.146,numerical,2025-08-12 15:35:08.440819,0.19,0.169,False,0.0,1.0,False,11.9,13.9,6.4,7.8
engagement_score,0.174,0.094,numerical,2025-08-12 15:35:08.440819,0.19,0.251,False,0.0,1.0,False,12.0,21.2,7.9,6.2
company_size,0.107,0.072,categorical,2025-08-19 15:35:08.440819,0.0,1.0,False,7.3,0.048,False,0.0,0.0,0.0,0.0
industry,0.191,0.067,categorical,2025-08-19 15:35:08.440819,0.0,1.0,False,5.1,0.09,False,0.0,0.0,0.0,0.0
page_views,0.153,0.049,numerical,2025-08-19 15:35:08.440819,0.11,0.323,False,0.0,1.0,False,17.2,14.5,8.3,6.1
time_on_site,0.182,0.135,numerical,2025-08-19 15:35:08.440819,0.16,0.451,False,0.0,1.0,False,12.0,16.4,6.3,8.4
form_completion_time,0.181,0.096,numerical,2025-08-19 15:35:08.440819,0.21,0.202,False,0.0,1.0,False,16.5,13.1,6.7,7.0
referral_source,0.159,0.084,categorical,2025-08-19 15:35:08.440819,0.0,1.0,False,6.5,0.028,False,0.0,0.0,0.0,0.0
hour_of_day,0.264,0.123,numerical,2025-08-19 15:35:08.440819,0.11,0.199,True,0.0,1.0,False,15.7,20.0,6.9,7.7
day_of_week,0.204,0.102,numerical,2025-08-19 15:35:08.440819,0.11,0.362,False,0.0,1.0,False,19.7,21.0,5.8,10.7
engagement_score,0.237,0.099,numerical,2025-08-19 15:35:08.440819,0.25,0.287,False,0.0,1.0,False,16.1,13.4,9.4,8.8
company_size,0.136,0.078,categorical,2025-08-26 15:35:08.440819,0.0,1.0,False,9.4,0.067,False,0.0,0.0,0.0,0.0
industry,0.136,0.072,categorical,2025-08-26 15:35:08.440819,0.0,1.0,False,9.8,0.083,False,0.0,0.0,0.0,0.0
page_views,0.252,0.103,numerical,2025-08-26 15:35:08.440819,0.09,0.145,True,0.0,1.0,False,14.9,18.4,7.4,10.5
time_on_site,0.179,0.086,numerical,2025-08-26 15:35:08.440819,0.22,0.171,False,0.0,1.0,False,16.6,12.4,7.3,6.5
form_completion_time,0.18,0.121,numerical,2025-08-26 15:35:08.440819,0.18,0.376,False,0.0,1.0,False,11.9,18.0,9.9,9.4
referral_source,0.208,0.111,categorical,2025-08-26 15:35:08.440819,0.0,1.0,False,11.3,0.056,False,0.0,0.0,0.0,0.0
hour_of_day,0.282,0.147,numerical,2025-08-26 15:35:08.440819,0.19,0.314,True,0.0,1.0,False,11.7,15.3,9.5,10.2
day_of_week,0.315,0.144,numerical,2025-08-26 15:35:08.440819,0.16,0.473,True,0.0,1.0,False,10.6,16.4,9.0,8.2
engagement_score,0.207,0.078,numerical,2025-08-26 15:35:08.440819,0.19,0.348,False,0.0,1.0,False,18.6,15.7,5.0,9.5
company_size,0.274,0.144,categorical,2025-09-02 15:35:08.440819,0.0,1.0,False,7.0,0.054,True,0.0,0.0,0.0,0.0
industry,0.131,0.069,categorical,2025-09-02 15:35:08.440819,0.0,1.0,False,8.9,0.072,False,0.0,0.0,0.0,0.0
page_views,0.144,0.084,numerical,2025-09-02 15:35:08.440819,0.05,0.433,False,0.0,1.0,False,18.0,15.8,7.4,9.5
time_on_site,0.16,0.094,numerical,2025-09-02 15:35:08.440819,0.16,0.169,False,0.0,1.0,False,14.5,21.8,6.6,10.1
form_completion_time,0.139,0.05,numerical,2025-09-02 15:35:08.440819,0.2,0.105,False,0.0,1.0,False,19.1,19.0,5.2,10.7
referral_source,0.121,0.061,categorical,2025-09-02 15:35:08.440819,0.0,1.0,False,10.4,0.082,False,0.0,0.0,0.0,0.0
hour_of_day,0.16,0.08,numerical,2025-09-02 15:35:08.440819,0.21,0.352,False,0.0,1.0,False,10.1,17.7,5.3,7.4
day_of_week,0.151,0.076,numerical,2025-09-02 15:35:08.440819,0.09,0.184,False,0.0,1.0,False,12.9,13.8,5.1,7.4
engagement_score,0.186,0.092,numerical,2025-09-02 15:35:08.440819,0.13,0.057,False,0.0,1.0,False,15.8,17.3,8.0,8.9
company_size,0.133,0.096,categorical,2025-09-09 15:35:08.440819,0.0,1.0,False,5.1,0.049,False,0.0,0.0,0.0,0.0
industry,0.225,0.144,categorical,2025-09-09 15:35:08.440819,0.0,1.0,False,13.9,0.097,False,0.0,0.0,0.0,0.0
page_views,0.133,0.052,numerical,2025-09-09 15:35:08.440819,0.08,0.307,False,0.0,1.0,False,14.9,16.4,7.1,10.2
time_on_site,0.204,0.11,numerical,2025-09-09 15:35:08.440819,0.18,0.439,False,0.0,1.0,False,15.6,13.7,5.7,8.1
form_completion_time,0.22,0.115,numerical,2025-09-09 15:35:08.440819,0.17,0.426,False,0.0,1.0,False,16.9,15.5,7.0,9.6
referral_source,0.183,0.061,categorical,2025-09-09 15:35:08.440819,0.0,1.0,False,9.9,0.064,False,0.0,0.0,0.0,0.0
hour_of_day,0.166,0.111,numerical,2025-09-09 15:35:08.440819,0.09,0.166,False,0.0,1.0,False,13.6,19.8,8.7,6.2
day_of_week,0.272,0.118,numerical,2025-09-09 15:35:08.440819,0.09,0.23,True,0.0,1.0,False,15.7,19.5,7.5,6.9
engagement_score,0.191,0.046,numerical,2025-09-09 15:35:08.440819,0.19,0.066,False,0.0,1.0,False,11.3,16.5,9.9,10.9
company_size,0.202,0.103,categorical,2025-09-16 15:35:08.440819,0.0,1.0,False,9.5,0.072,False,0.0,0.0,0.0,0.0
industry,0.197,0.105,categorical,2025-09-16 15:35:08.440819,0.0,1.0,False,8.6,0.077,False,0.0,0.0,0.0,0.0
page_views,0.3,0.187,numerical,2025-09-16 15:35:08.440819,0.25,0.348,True,0.0,1.0,False,14.2,14.1,5.2,6.1
time_on_site,0.205,0.108,numerical,2025-09-16 15:35:08.440819,0.12,0.141,False,0.0,1.0,False,13.9,15.8,7.8,10.5
form_completion_time,0.262,0.135,numerical,2025-09-16 15:35:08.440819,0.15,0.238,True,0.0,1.0,False,14.1,19.1,6.9,10.8
referral_source,0.297,0.122,categorical,2025-09-16 15:35:08.440819,0.0,1.0,False,12.8,0.013,True,0.0,0.0,0.0,0.0
hour_of_day,0.241,0.114,numerical,2025-09-16 15:35:08.440819,0.23,0.066,False,0.0,1.0,False,19.3,14.7,6.0,10.0
day_of_week,0.276,0.145,numerical,2025-09-16 15:35:08.440819,0.09,0.169,True,0.0,1.0,False,19.3,16.0,6.7,6.3
engagement_score,0.246,0.118,numerical,2025-09-16 15:35:08.440819,0.14,0.133,False,0.0,1.0,False,17.4,18.0,7.8,7.5
company_size,0.358,0.163,categorical,2025-09-23 15:35:08.440819,0.0,1.0,False,7.5,0.013,True,0.0,0.0,0.0,0.0
industry,0.167,0.075,categorical,2025-09-23 15:35:08.440819,0.0,1.0,False,5.4,0.095,False,0.0,0.0,0.0,0.0
page_views,0.255,0.128,numerical,2025-09-23 15:35:08.440819,0.05,0.25,True,0.0,1.0,False,12.8,19.6,8.5,7.2
time_on_site,0.1,0.057,numerical,2025-09-23 15:35:08.440819,0.2,0.448,False,0.0,1.0,False,15.4,13.6,7.0,10.0
form_completion_time,0.12,0.063,numerical,2025-09-23 15:35:08.440819,0.08,0.024,False,0.0,1.0,False,11.1,14.5,5.8,8.4
referral_source,0.235,0.147,categorical,2025-09-23 15:35:08.440819,0.0,1.0,False,10.2,0.075,False,0.0,0.0,0.0,0.0
hour_of_day,0.32,0.114,numerical,2025-09-23 15:35:08.440819,0.24,0.349,True,0.0,1.0,False,12.6,18.9,5.1,6.8
day_of_week,0.183,0.085,numerical,2025-09-23 15:35:08.440819,0.09,0.309,False,0.0,1.0,False,15.9,14.9,8.8,10.5
engagement_score,0.191,0.103,numerical,2025-09-23 15:35:08.440819,0.05,0.065,False,0.0,1.0,False,10.6,12.8,9.9,6.2
company_size,0.237,0.062,categorical,2025-09-30 15:35:08.440819,0.0,1.0,False,13.5,0.05,False,0.0,0.0,0.0,0.0
industry,0.207,0.08,categorical,2025-09-30 15:35:08.440819,0.0,1.0,False,8.6,0.078,False,0.0,0.0,0.0,0.0
page_views,0.231,0.099,numerical,2025-09-30 15:35:08.440819,0.08,0.092,False,0.0,1.0,False,16.6,12.7,9.9,6.5
time_on_site,0.14,0.069,numerical,2025-09-30 15:35:08.440819,0.07,0.075,False,0.0,1.0,False,11.9,18.2,8.8,10.1
form_completion_time,0.161,0.058,numerical,2025-09-30 15:35:08.440819,0.06,0.155,False,0.0,1.0,False,12.2,15.3,9.9,8.2
referral_source,0.161,0.089,categorical,2025-09-30 15:35:08.440819,0.0,1.0,False,7.9,0.061,False,0.0,0.0,0.0,0.0
hour_of_day,0.25,0.092,numerical,2025-09-30 15:35:08.440819,0.13,0.346,True,0.0,1.0,False,11.6,17.0,5.5,6.8
day_of_week,0.274,0.136,numerical,2025-09-30 15:35:08.440819,0.21,0.146,True,0.0,1.0,False,11.3,16.4,7.3,7.9
engagement_score,0.227,0.127,numerical,2025-09-30 15:35:08.440819,0.08,0.247,False,0.0,1.0,False,14.3,15.2,9.4,10.7
company_size,0.218,0.093,categorical,2025-10-07 15:35:08.440819,0.0,1.0,False,14.8,0.024,False,0.0,0.0,0.0,0.0
industry,0.182,0.096,categorical,2025-10-07 15:35:08.440819,0.0,1.0,False,10.9,0.024,False,0.0,0.0,0.0,0.0
page_views,0.245,0.086,numerical,2025-10-07 15:35:08.440819,0.07,0.136,False,0.0,1.0,False,18.5,15.8,6.5,6.9
time_on_site,0.181,0.079,numerical,2025-10-07 15:35:08.440819,0.16,0.318,False,0.0,1.0,False,11.8,19.1,10.0,6.6
form_completion_time,0.258,0.1,numerical,2025-10-07 15:35:08.440819,0.15,0.25,True,0.0,1.0,False,11.9,14.2,7.7,10.4
referral_source,0.256,0.134,categorical,2025-10-07 15:35:08.440819,0.0,1.0,False,7.8,0.017,True,0.0,0.0,0.0,0.0
hour_of_day,0.263,0.128,numerical,2025-10-07 15:35:08.440819,0.18,0.118,True,0.0,1.0,False,18.6,19.8,5.1,10.1
day_of_week,0.243,0.134,numerical,2025-10-07 15:35:08.440819,0.15,0.309,False,0.0,1.0,False,18.0,14.6,6.6,6.5
engagement_score,0.15,0.084,numerical,2025-10-07 15:35:08.440819,0.13,0.089,False,0.0,1.0,False,14.8,18.7,6.3,7.9
company_size,0.261,0.127,categorical,2025-10-14 15:35:08.440819,0.0,1.0,False,14.8,0.023,True,0.0,0.0,0.0,0.0
industry,0.239,0.131,categorical,2025-10-14 15:35:08.440819,0.0,1.0,False,7.2,0.088,False,0.0,0.0,0.0,0.0
page_views,0.192,0.115,numerical,2025-10-14 15:35:08.440819,0.12,0.326,False,0.0,1.0,False,19.0,12.5,5.3,9.8
time_on_site,0.212,0.104,numerical,2025-10-14 15:35:08.440819,0.24,0.35,False,0.0,1.0,False,19.7,17.9,7.4,10.7
form_completion_time,0.174,0.074,numerical,2025-10-14 15:35:08.440819,0.22,0.357,False,0.0,1.0,False,18.8,13.4,8.7,9.9
referral_source,0.186,0.133,categorical,2025-10-14 15:35:08.440819,0.0,1.0,False,9.5,0.029,False,0.0,0.0,0.0,0.0
hour_of_day,0.267,0.162,numerical,2025-10-14 15:35:08.440819,0.23,0.414,True,0.0,1.0,False,16.0,21.7,6.3,8.2
day_of_week,0.217,0.115,numerical,2025-10-14 15:35:08.440819,0.06,0.052,False,0.0,1.0,False,16.5,18.6,8.6,10.9
engagement_score,0.234,0.149,numerical,2025-10-14 15:35:08.440819,0.12,0.112,False,0.0,1.0,False,17.2,13.4,6.1,6.8
company_size,0.183,0.089,categorical,2025-10-21 15:35:08.440819,0.0,1.0,False,14.5,0.084,False,0.0,0.0,0.0,0.0
industry,0.279,0.139,categorical,2025-10-21 15:35:08.440819,0.0,1.0,False,14.8,0.055,True,0.0,0.0,0.0,0.0
page_views,0.29,0.138,numerical,2025-10-21 15:35:08.440819,0.2,0.28,True,0.0,1.0,False,13.1,13.4,8.8,6.3
time_on_site,0.229,0.129,numerical,2025-10-21 15:35:08.440819,0.19,0.353,False,0.0,1.0,False,19.4,16.3,9.6,9.7
form_completion_time,0.263,0.139,numerical,2025-10-21 15:35:08.440819,0.13,0.07,True,0.0,1.0,False,10.7,13.2,5.1,6.4
referral_source,0.196,0.117,categorical,2025-10-21 15:35:08.440819,0.0,1.0,False,12.0,0.019,False,0.0,0.0,0.0,0.0
hour_of_day,0.135,0.053,numerical,2025-10-21 15:35:08.440819,0.22,0.499,False,0.0,1.0,False,10.7,13.8,6.0,8.3
day_of_week,0.197,0.11,numerical,2025-10-21 15:35:08.440819,0.08,0.297,False,0.0,1.0,False,11.0,14.3,9.4,6.1
engagement_score,0.197,0.12,numerical,2025-10-21 15:35:08.440819,0.13,0.32,False,0.0,1.0,False,11.1,16.7,7.2,10.3
company_size,0.072,0.065,categorical,2025-10-28 15:35:08.440819,0.0,1.0,False,5.3,0.023,False,0.0,0.0,0.0,0.0
industry,0.179,0.127,categorical,2025-10-28 15:35:08.440819,0.0,1.0,False,11.1,0.086,False,0.0,0.0,0.0,0.0
page_views,0.239,0.095,numerical,2025-10-28 15:35:08.440819,0.08,0.234,False,0.0,1.0,False,14.9,12.4,8.8,7.4
time_on_site,0.205,0.111,numerical,2025-10-28 15:35:08.440819,0.21,0.352,False,0.0,1.0,False,19.1,19.6,8.6,9.1
form_completion_time,0.205,0.122,numerical,2025-10-28 15:35:08.440819,0.19,0.029,False,0.0,1.0,False,18.9,15.1,6.7,9.1
referral_source,0.206,0.094,categorical,2025-10-28 15:35:08.440819,0.0,1.0,False,8.5,0.029,False,0.0,0.0,0.0,0.0
hour_of_day,0.234,0.142,numerical,2025-10-28 15:35:08.440819,0.19,0.154,False,0.0,1.0,False,12.2,19.8,7.9,9.0
day_of_week,0.212,0.083,numerical,2025-10-28 15:35:08.440819,0.06,0.149,False,0.0,1.0,False,16.9,12.4,6.2,7.7
engagement_score,0.166,0.09,numerical,2025-10-28 15:35:08.440819,0.2,0.088,False,0.0,1.0,False,10.3,13.8,5.4,6.5
company_size,0.259,0.099,categorical,2025-11-04 15:35:08.440819,0.0,1.0,False,6.3,0.052,True,0.0,0.0,0.0,0.0
industry,0.21,0.1,categorical,2025-11-04 15:35:08.440819,0.0,1.0,False,11.0,0.059,False,0.0,0.0,0.0,0.0
page_views,0.251,0.137,numerical,2025-11-04 15:35:08.440819,0.21,0.42,True,0.0,1.0,False,16.7,19.7,8.6,9.7
time_on_site,0.248,0.117,numerical,2025-11-04 15:35:08.440819,0.11,0.449,False,0.0,1.0,False,13.1,19.3,6.5,7.4
form_completion_time,0.18,0.055,numerical,2025-11-04 15:35:08.440819,0.08,0.028,False,0.0,1.0,False,14.2,13.4,5.3,10.3
referral_source,0.277,0.123,categorical,2025-11-04 15:35:08.440819,0.0,1.0,False,14.1,0.028,True,0.0,0.0,0.0,0.0
hour_of_day,0.148,0.069,numerical,2025-11-04 15:35:08.440819,0.18,0.379,False,0.0,1.0,False,13.9,13.4,5.8,9.0
day_of_week,0.216,0.116,numerical,2025-11-04 15:35:08.440819,0.09,0.043,False,0.0,1.0,False,19.7,17.5,5.7,8.2
engagement_score,0.203,0.126,numerical,2025-11-04 15:35:08.440819,0.24,0.401,False,0.0,1.0,False,13.8,14.7,5.4,8.7
company_size,0.212,0.111,categorical,2025-11-11 15:35:08.440819,0.0,1.0,False,11.4,0.014,False,0.0,0.0,0.0,0.0
industry,0.297,0.159,categorical,2025-11-11 15:35:08.440819,0.0,1.0,False,10.5,0.069,True,0.0,0.0,0.0,0.0
page_views,0.25,0.166,numerical,2025-11-11 15:35:08.440819,0.06,0.056,True,0.0,1.0,False,13.3,16.7,8.2,9.7
time_on_site,0.254,0.112,numerical,2025-11-11 15:35:08.440819,0.09,0.247,True,0.0,1.0,False,14.9,13.6,6.5,10.2
form_completion_time,0.278,0.142,numerical,2025-11-11 15:35:08.440819,0.17,0.435,True,0.0,1.0,False,10.8,12.8,7.5,7.2
referral_source,0.308,0.117,categorical,2025-11-11 15:35:08.440819,0.0,1.0,False,7.9,0.04,True,0.0,0.0,0.0,0.0
hour_of_day,0.212,0.111,numerical,2025-11-11 15:35:08.440819,0.19,0.416,False,0.0,1.0,False,14.0,15.9,6.9,7.2
day_of_week,0.258,0.136,numerical,2025-11-11 15:35:08.440819,0.17,0.309,True,0.0,1.0,False,11.4,20.1,7.4,9.7
engagement_score,0.204,0.078,numerical,2025-11-11 15:35:08.440819,0.08,0.247,False,0.0,1.0,False,14.6,19.4,6.9,8.7
company_size,0.355,0.14,categorical,2025-11-18 15:35:08.440819,0.0,1.0,False,8.0,0.092,True,0.0,0.0,0.0,0.0
industry,0.365,0.177,categorical,2025-11-18 15:35:08.440819,0.0,1.0,False,12.6,0.041,True,0.0,0.0,0.0,0.0
page_views,0.207,0.13,numerical,2025-11-18 15:35:08.440819,0.2,0.257,False,0.0,1.0,False,12.3,13.0,8.2,8.6
time_on_site,0.207,0.131,numerical,2025-11-18 15:35:08.440819,0.19,0.049,False,0.0,1.0,False,12.3,18.4,9.8,9.8
form_completion_time,0.249,0.107,numerical,2025-11-18 15:35:08.440819,0.11,0.445,False,0.0,1.0,False,16.2,16.1,9.1,10.6
referral_source,0.329,0.178,categorical,2025-11-18 15:35:08.440819,0.0,1.0,False,5.7,0.053,True,0.0,0.0,0.0,0.0
hour_of_day,0.3,0.135,numerical,2025-11-18 15:35:08.440819,0.1,0.266,True,0.0,1.0,False,14.7,17.8,8.1,7.8
day_of_week,0.27,0.091,numerical,2025-11-18 15:35:08.440819,0.21,0.427,True,0.0,1.0,False,18.8,21.3,9.2,11.0
engagement_score,0.258,0.126,numerical,2025-11-18 15:35:08.440819,0.11,0.242,True,0.0,1.0,False,17.9,17.3,6.5,7.9
company_size,0.201,0.078,categorical,2025-11-25 15:35:08.440819,0.0,1.0,False,6.9,0.027,False,0.0,0.0,0.0,0.0
industry,0.311,0.139,categorical,2025-11-25 15:35:08.440819,0.0,1.0,False,12.9,0.082,True,0.0,0.0,0.0,0.0
page_views,0.274,0.153,numerical,2025-11-25 15:35:08.440819,0.2,0.284,True,0.0,1.0,False,17.6,19.0,8.2,9.5
time_on_site,0.267,0.187,numerical,2025-11-25 15:35:08.440819,0.11,0.364,True,0.0,1.0,False,12.0,18.1,5.8,9.2
form_completion_time,0.321,0.169,numerical,2025-11-25 15:35:08.440819,0.09,0.433,True,0.0,1.0,False,14.7,16.9,8.0,10.8
referral_source,0.204,0.071,categorical,2025-11-25 15:35:08.440819,0.0,1.0,False,8.8,0.068,False,0.0,0.0,0.0,0.0
hour_of_day,0.269,0.124,numerical,2025-11-25 15:35:08.440819,0.09,0.142,True,0.0,1.0,False,14.6,15.3,6.3,9.5
day_of_week,0.177,0.114,numerical,2025-11-25 15:35:08.440819,0.08,0.419,False,0.0,1.0,False,11.7,13.2,6.4,9.9
engagement_score,0.344,0.159,numerical,2025-11-25 15:35:08.440819,0.22,0.309,True,0.0,1.0,False,19.9,16.2,8.2,9.8
